"countryName","2009.GDP(currentUS$)","2009.Foreigndirectinvestmentnetinflows(BoPcurrentUS$)","2009.Netfinancialaccount(BoPcurrentUS$)","2009.GDPgrowth(annual%)","2009.GDPpercapitagrowth(annual%)","2009.Grosscapitalformation(annual%growth)","2009.Industry(includingconstruction)valueadded(annual%growth)","2009.Manufacturingvalueadded(annual%growth)","2009.Servicesvalueadded(annual%growth)","2009.Exportsofgoodsandservices(annual%growth)","2009.Agedependencyratioold(%ofworking-agepopulation)","2009.Agedependencyratioyoung(%ofworking-agepopulation)","2009.Populationgrowth(annual%)","2009.Populationfemale(%oftotal)","2009.Populationmale(%oftotal)","2009.Populationages15-19female(%offemalepopulation)","2009.Populationages15-19male(%ofmalepopulation)","2009.Populationages20-24female(%offemalepopulation)","2009.Populationages20-24male(%ofmalepopulation)","2009.Populationages25-29male(%ofmalepopulation)","2009.Populationages25-29female(%offemalepopulation)","2009.Populationages65andabove(%oftotal)","2009.Populationages65andabovefemale","2009.Populationages65andabovefemale(%oftotal)","2009.Populationages15-64male(%oftotal)","2009.Populationages15-64female(%oftotal)","2009.Laborforceparticipationrateforages15-24female(%)(modeledILOestimate)","2009.Laborforceparticipationrateforages15-24male(%)(modeledILOestimate)","2009.Laborforceparticipationrateforages15-24total(%)(modeledILOestimate)","2009.Laborforcefemale(%oftotallaborforce)","2009.Laborforcetotal","2009.Ratiooffemaletomalelaborforceparticipationrate(%)(modeledILOestimate)"
"Leastdevelopedcountries",5.83e+11,1.54e+10,,4.820053446,2.389416068,2.672591877,5.517941813,5.23496875,,-3.197954265,6.2306519,75.75171669,2.373914679,50.19930354,49.80069646,10.54556734,10.71649618,9.17631489,9.173162693,7.883883192,8.006154501,3.42376679,15174934,3.646737613,54.54781049,55.34981712,48.75968618,63.81868738,56.29100971,41.60265544,332438566,73.43128635
"Afghanistan",1.25e+10,56100000,6.34e+08,21.02064874,17.951089,5.795634408,6.107145558,5.296299503,17.24807908,-21.62163171,4.56695004,96.17386254,2.569114319,48.58539906,51.41460094,10.37912276,10.40423205,8.564418017,8.659381925,7.405283702,7.330757757,2.275048099,332768,2.445741828,50.06052097,49.55586922,17.22100067,76.70999908,47.90100098,13.77056259,7549815,16.95591925
"Angola",7.55e+10,2205298180,-7.1e+09,2.412909701,-1.175597203,-15.7915017,,,,-2.639998673,4.6569231,94.0824622,3.566820983,51.08939468,48.91060532,10.50956979,10.57190707,8.835994231,8.860428265,7.281888478,7.29793452,2.343231108,298193,2.588385636,49.9912731,50.62915219,57.60100174,58.43099976,58.00799942,49.96134191,9233513,93.54060862
"Bangladesh",1.02e+11,9.01e+08,1.79e+09,5.045124794,3.893892784,7.388144651,6.913173254,6.693401414,5.079970246,0.028504479,7.372263057,51.90000792,1.101990116,49.36986986,50.63013014,10.32817543,10.42386417,9.906555926,9.728274937,8.896662817,9.279953326,4.628717235,3414859,4.597322786,62.50441793,63.0739944,21.8390007,66.63400269,44.47299957,25.61521805,57920440,35.05047033
"Benin",7.1e+09,-18700000,-4.94e+08,2.32930121,-0.505468043,11.29588955,0.250823013,-1.051876644,1.464402555,-6.036161335,6.113928989,83.42174738,2.809336884,50.35877634,49.64122366,10.532616,10.87798178,8.862421705,9.044261567,7.484736828,7.437007792,3.225740455,169457,3.761994261,52.37302385,53.14253962,46.61100006,41.41899872,43.99900055,49.51958459,3568162,93.55482182
"Bhutan",1.26e+09,18300000,51800000,6.657223796,4.640694092,16.46415524,3.456833977,6.880279614,13.26597618,-2.387699816,6.33930508,48.62056999,1.908765546,47.0566417,52.9433583,11.7698149,10.7175809,11.35904628,11.07791792,10.96212364,9.147260997,4.090933267,13326,3.963723866,65.71193659,63.20809996,53.31600189,46.54700089,49.83200073,43.11062818,351556,88.74064548
"Bolivia",1.73e+10,423040000,470520000,3.357001259,1.674131284,3.878754236,2.896253825,4.810624238,4.890428822,-10.75565759,9.888718146,59.46357374,1.641611932,49.8801434,50.1198566,10.12509871,10.34516176,9.207247976,9.332622378,8.328526954,8.294512618,5.839140431,303232,6.229502539,58.92401027,59.17361796,45.43399811,57.24700165,51.4070015,43.51338368,4562872,76.1849514
"BurkinaFaso",8.37e+09,56400000,-80300000,2.962014371,-0.107397784,18.12274067,10.33936487,-2.068262619,5.044099129,19.40430203,4.875486172,90.58208177,3.026449668,50.46439168,49.53560832,10.55815292,11.095599,8.943832653,9.31681474,7.74722392,7.558256181,2.494396213,231143,3.025090229,50.47249853,51.83884333,53.03300095,70.1989975,61.73199844,43.55552221,5783758,72.37852937
"Burundi",1.74e+09,348404.5346,8.49e+08,3.468425425,0.095055049,90.8613526,4.931920976,0.800000004,3.500000001,-14.74817706,5.101238947,83.6102789,3.314621282,50.88838141,49.11161859,11.89683078,11.54663522,10.34518599,9.786711863,7.68736289,7.695005384,2.703194275,125413,2.903124401,52.67918607,53.29197311,62.88999939,54.15200043,58.68999863,51.98587874,3764253,102.596412
"CaboVerde",1.71e+09,1.26e+08,-2.34e+08,-1.270425968,-2.311434992,-9.059925793,-5.418272033,-1.014722772,0.410710475,-16.82962576,9.2400589,58.21553848,1.060002683,50.42668829,49.57331171,11.6769884,12.03386872,10.36056887,11.292686,9.194562495,8.132352237,5.517915821,16259,6.487925173,60.15716646,59.28716222,30.46800041,53.77799988,42.35499954,39.22852036,191891,62.40843679
"Cambodia",1.04e+10,9.28e+08,-3.75e+08,0.086696959,-1.402853817,3.838113878,-9.493231214,-15.51045182,2.016173038,-9.865636833,5.871100552,54.33601725,1.499446217,51.3194373,48.6805627,11.07476307,12.29973959,9.893006751,10.22044281,11.25326095,11.09470494,3.664693949,304101,4.205508022,61.35919177,63.42489583,77.72299957,79.63600159,78.68800354,50.1935127,7893797,91.10535968
"Cameroon",2.6e+10,7.43e+08,-7.7e+08,2.198664102,-0.56519321,2.343490644,-0.426430703,3.909566958,3.621843066,-10.85547837,6.100711388,81.93849164,2.7416385,50.0090544,49.9909456,10.86849795,11.02834605,9.604394141,9.679631874,8.032384952,8.011221615,3.244382708,342914,3.528636614,53.09589406,53.26488463,53.26900101,61.67699814,57.49599838,46.75995463,8322260,86.65536657
"CentralAfricanRepublic",1.98e+09,42280000,-86300000,1.70923922,0.350323252,5.406888807,0.933302562,-0.225363914,3.522797116,-14.21273601,6.897696011,79.04557483,1.345085023,50.66874315,49.33125685,10.70713027,10.81723212,9.350282245,9.399386835,7.868454519,7.85944777,3.709570118,90948,4.075518167,53.75453994,53.80420682,49.94200134,53.70399857,51.80500031,45.76665297,1810128,81.03883572
"Chad",9.25e+09,374900000,-72700000,4.217695552,0.875156333,44.00898657,13.0455169,8.927463946,10.40272993,-13.66148172,5.352635558,100.3291363,3.25982615,50.00245593,49.99754407,10.80784669,10.92991124,8.726939101,8.818613735,7.083069906,7.018357963,2.602386935,162552,2.826169012,48.45311547,48.78444932,58.29700089,58.83599854,58.56800079,45.28935047,4246442,81.52282218
"Comoros",5.24e+08,13800000,11500000,1.949999978,-0.476349813,-11.77706713,2.072870058,36.29354654,8.990402891,-6.898215138,5.338398747,74.02519208,2.408719056,49.60512498,50.39487502,10.86634308,11.04089789,9.702455632,9.810660096,8.181051862,8.140325242,2.976300108,11057,3.310806157,55.68579715,55.82048526,14.93799973,14.95899963,14.94799995,40.6042147,166133,68.51257416
"CongoDemRep",1.86e+10,-243200000,-8.62e+08,2.85506401,-0.500119648,65.96754744,1.569790032,-9.872508376,3.783851736,-28.28055238,5.872310648,90.58511223,3.316441006,50.23578085,49.76421915,10.25357405,10.43577815,8.572803381,8.6728327,7.183089571,7.15173973,2.989100927,1045592,3.335022972,50.73235771,51.06928557,51.38199997,42.04999924,46.70299911,49.89218724,24350550,96.76397758
"CongoRep",9.59e+09,1.18e+09,-1.47e+09,7.468942484,3.975409551,16.81622584,12.765314,5.500321865,5.316836774,11.16888195,6.105343309,75.85685014,3.304747414,49.99079626,50.00920374,9.693993918,9.755862515,8.866986039,8.909697242,8.254483266,8.227990074,3.355281223,76996,3.620851734,54.97968263,54.93310246,44.03099823,43.10499954,43.56600189,48.73118185,1721011,94.29915647
"CotedIvoire",2.43e+10,3.96e+08,1.81e+09,3.251453719,0.981061397,-26.53806393,3.885672864,-0.332824387,5.60844411,18.10228652,5.356382681,82.32342127,2.2234323,48.92913239,51.07086761,10.7509754,10.47854522,8.934956088,8.657370681,7.264357687,7.536592409,2.854000574,258365,2.648624195,53.76880671,52.77445601,34.42399979,47.98099899,41.2519989,38.07711673,6844066,65.798953
"Djibouti",1.05e+09,96900000,-50700000,9.27283700546154,7.44534651292308,17.8115750453846,6.79247799953846,23.4441233833846,0.850875912,12.7856437339231,5.867301457,58.08877264,1.675689026,49.76106572,50.23893428,11.11975621,11.26254698,10.5290079,10.60701204,8.286237572,8.299773546,3.57858133,16085,3.862677435,60.98710813,60.99668364,43.91600037,47.58399963,45.76800156,39.79151947,321277,66.13340568
"EgyptArabRep",1.89e+11,6711600000,-2993500000,4.673844855,2.755735398,-8.450991427,5.470464261,3.722964232,4.331794045,-14.64192772,7.550081955,50.86415022,1.849460553,49.52428988,50.47571012,10.12199714,10.42143856,10.32062486,10.5599425,8.950241455,8.814112441,4.766037654,2244285,5.495281233,63.22914627,63.02017073,20.90699959,48.72299957,35.12799835,23.40598227,27333918,30.58442576
"ElSalvador",1.76e+10,368730000,512224000,-2.08339422,-2.513764378,-27.97392919,-6.051851129,-4.135935683,-3.236046315,-9.297741455,11.56647173,53.13721317,0.440496004,52.58427439,47.41572561,10.24475705,11.2686351,8.696809442,8.813199026,7.250536334,7.761242498,7.022594389,239043,7.407039016,58.7108806,62.52297241,31.69199944,62.52000046,46.75899887,41.09464348,2559701,58.74716758
"Eritrea",1.86e+09,9.1e+07,-1.28e+08,3.87650156,2.004025688,-13.02611312,-0.24226238,-0.407759524,4.234183338,36.21358061,6.456329873,75.23383947,1.819042849,49.96032783,50.03967217,11.03776121,11.1041772,10.84342217,10.8660547,8.935482061,9.007069112,3.553483326,82468,3.829570462,54.61870031,55.45967337,68.21399689,75.18199921,71.70800018,46.8995715,2029155,86.38566306
"Ethiopia",3.24e+10,2.21e+08,-2.69e+09,8.802553202,5.96026306,30.0354539968889,9.673308135,8.624984463,14.68212952,-5.63404821422222,6.283333322,86.68798903,2.647065405,50.09856321,49.90143679,10.91324042,11.1680022,8.88025146,8.921618804,7.439186457,7.570139992,3.25609694,1455077,3.400323324,51.35141558,52.28910155,75.51899719,81.95500183,78.7539978,46.95557379,39483877,86.23047399
"GambiaThe",9.01e+08,39400000,57100000,6.449695858,3.139260685,31.66942149,1.28183329,-4.265039084,6.716732591,15.29332736,4.947254979,90.72788009,3.159241368,50.46607102,49.53392898,10.45237002,10.55388438,9.199318363,8.937900871,7.627407691,8.20864857,2.528300276,20178,2.438664765,50.18993101,52.0029731,37.48600006,46.36999893,41.86899948,43.26669334,519908,72.61028698
"Georgia",1.08e+10,6.58e+08,-9.41e+08,-3.650101341,-2.390625542,4.57348992666667,-3.778893675,-6.722199785,-4.137191996,17.0303677733333,21.27841094,26.85787593,-1.298719553,52.56230104,47.43769896,7.63967648,8.596982961,7.73813644,8.867290304,7.449282958,6.836688693,14.36407805,350639,16.76951939,68.20437359,66.87428008,25.40200043,46.7159996,36.19100189,45.6982415,2074268,72.55556028
"Ghana",2.6e+10,2372540000,-2674888481,4.844486889,2.190061334,-20.93723032,4.486828486,-1.30566914,3.596289427,7.620277315,6.157636377,70.25117179,2.564374921,50.46470178,49.53529822,10.40020413,10.92387012,9.43494625,9.40902712,7.954982214,8.469539154,3.490549276,475218,3.939469754,55.95145307,57.40948723,53.41199875,55.5379982,54.47800064,49.86052534,10931018,93.84772807
"Guinea",6.49e+09,91030000,-330680000,-1.117638595,-3.303714548,-22.534213,-3.504212442,7.92285149013333,3.711431462,5.726825611,5.942159992,82.01363377,2.235588634,49.98215796,50.01784204,10.53771715,10.73375419,8.875175783,9.003915989,7.43810731,7.370526763,3.161466786,180089,3.413116569,53.16980758,53.23814812,51.32899857,41.35200119,46.29800034,48.69227131,3856228,94.01068725
"GuineaBissau",8.27e+08,18890200,13600000,3.368974948,0.875296044,-11.14194969,4.685225026,2.972788119,2.607291531,10.5121599,5.144011823,77.918147,2.441980685,51.02105237,48.97894763,11.14591312,11.26362796,9.77137019,9.643140173,7.932371141,8.138632251,2.809980968,24060,3.107639808,54.02639549,55.20297176,50.04999924,53.76300049,51.86800003,47.02445519,620441,82.60519307
"Haiti",6.58e+09,55470000,621357400,3.083247688,1.536497307,3.554356683,4.582951421,4.470359572,1.413670052,22.24770642,7.489626506,61.29690685,1.511857854,50.57165571,49.42834429,10.72983648,11.1413477,10.10859443,10.26954006,8.911747597,8.978839037,4.437336532,241560,4.847915613,58.61018363,59.86834606,32.50299835,39.07899857,35.79800034,47.56659985,4120017,85.80625365
"Honduras",1.46e+10,4.94e+08,-5.64e+08,-2.43162788,-4.403183848,-44.24215876,-7.693287103,-8.150923931,0.5875538,-15.89693577,6.807004193,63.6151113,2.04138691,50.18453588,49.81546412,10.99128818,11.38178782,9.747369951,9.974856871,8.656866243,8.61100716,3.99420238,174889,4.337160145,58.19267771,59.15946055,30.22699928,73.55899811,52.13100052,34.03432482,3227286,49.87907809
"India",1.32e+12,3.56e+10,-2.62e+10,8.479783897,6.950038738,17.25295272,9.163007721,11.2955621,11.55346753,0,7.932215906,49.1946887,1.420203435,48.13495013,51.86504987,9.662242165,9.871925834,9.291323547,9.354154288,8.554694549,8.514772873,5.048286241,32153654,5.501162785,63.56534976,63.72628855,20.88500023,56.66799927,39.57099915,25.92013248,469829385,37.13799186
"Indonesia",5.4e+11,4.88e+09,7.75e+09,4.628871183,3.238193028,67.38937224,3.588287877,2.212063014,5.82555487,-9.69013805,7.390064327,44.04004448,1.338065661,49.60603988,50.39396012,9.162112885,9.375248677,9.003750021,9.070326681,8.738478101,8.902782535,4.880181613,6456646,5.438213763,66.06699459,66.00668439,41.16999817,62.18000031,51.83800125,37.71402778,114924975,60.60969093
"Kenya",3.7e+10,1.16e+08,-1.35e+09,3.306939815,0.511532948,11.09291756,3.6959784,-1.052929571,6.226331985,-5.219070781,4.580669202,80.3204526,2.743207843,50.29558221,49.70441779,10.64251754,10.83824654,10.04026034,10.1612802,8.680155393,8.619988415,2.477361499,544282,2.689468128,53.70642958,54.45504153,36.0359993,43.31900024,39.68399811,47.29876598,14984059,86.86975058
"Kiribati",1.3e+08,4995548.978,5660514.034,0.289623952,-1.832485663,,-7.592508632,-14.03288625,1.174954176,,5.907061353,60.40350587,2.138689009,50.77209136,49.22790864,10.26399279,11.09495243,9.876228898,10.28903836,7.796562241,8.156750617,3.55182563,2193,4.294778896,59.437678,60.79276174,,,,,,
"KoreaDemPeoplesRep",,8623000,,,,,,,,,12.46606108,33.90738625,0.524098754,51.14358288,48.85641712,7.865541057,8.564362785,7.386628806,8.024057379,7.594313105,7.008369814,8.516613709,1361473,10.88197368,69.72080009,66.97874532,76.41899872,74.16999817,75.27300262,48.02293367,15211174,85.88018119
"Kosovo",5.65e+09,4.03e+08,-1.51e+08,3.341665533,2.514978674,10.88773062,12.03174275,11.46344814,2.584394023,12.44867794,,,0.803171845,,,,,,,,,,,,,,,,,,,
"KyrgyzRepublic",4.69e+09,189377400,-1.43e+08,2.8862947,1.651651519,-4.892902056,-0.31792912,-9.305572896,0.540504829,-1.081578439,7.247856216,45.69431964,1.207265644,50.5694577,49.4305423,11.14556586,11.62339232,10.84421126,11.18115378,8.48586617,8.061263216,4.738951101,153038,5.621620221,65.35217339,65.41549649,37.4109993,58.10200119,47.82699966,42.18873959,2410072,69.47685262
"LaoPDR",5.83e+09,3.19e+08,-5.84e+08,7.501774913,5.757048091,1.325829316,14.6531674,5.778277662,5.958166889,5.596,6.217140883,62.43483005,1.636289393,50.28763625,49.71236375,12.0985572,12.51871531,10.14967114,10.3977504,8.137722446,8.18019495,3.686373097,126722,4.096109662,58.86052006,59.7220624,68.33399963,60.52399826,64.39399719,50.21799042,3027656,97.08893557
"Lesotho",1.87e+09,91300000,-1.39e+08,2.1543082,1.178959483,7.16367092,-6.309689995,-3.532898281,7.241524997,-7.39758052,7.616211414,65.02905766,0.959367062,51.57469767,48.42530233,11.32520264,12.26690257,10.37984335,11.2301981,9.374213804,8.700282215,4.411479941,52988,5.088135909,57.16069584,58.63695419,43.58100128,58.14699936,50.92300034,47.41722055,858184,80.8517982
"Liberia",1155147400,1.28e+08,9.6e+08,5.300099075,1.196561014,36.71224193,-8.07074879,-3.819207769,6.677687567,1.439530201,5.745450942,81.26200526,3.974958582,49.74032649,50.25967351,9.999889232,10.16095792,8.953504503,9.055749049,7.871350597,7.814918921,3.072311157,62635,3.303775962,53.13923794,53.81185646,31.38500023,33.03099823,32.2179985,47.59487092,1216047,89.94985017
"Madagascar",8.55e+09,1.29e+09,-1.54e+09,-4.013860583,-6.686150503,-18.88243316,-7.799235493,-10.11121461,-8.593562991,-11.28008749,5.35254103,82.26994785,2.823526265,50.19283039,49.80716961,10.65943965,10.70063885,8.825489964,8.893377413,7.599474197,7.508460688,2.852824873,312191,3.023870084,53.12511317,53.47056727,78.16899872,79.37599945,78.77200317,49.36195618,10244359,95.55293097
"Malawi",6.19e+09,49100000,-2.23e+08,8.328110276,5.064058853,18.6845803,18.64488238,29.06925792,6.489727995,11.08223779,5.678877713,91.50229991,3.059443122,50.57614487,49.42385513,11.26032557,11.45366193,9.505871003,9.647577941,7.613595269,7.420581732,2.880030326,237102,3.185961999,50.29758557,51.12248785,61.73600006,62.84600067,62.28900146,48.62971177,6095214,90.04935565
"Mali",1.02e+10,6.47e+08,-3.17e+08,4.6790657,1.322384779,3.798701263,3.810590886,,0.426260643,-11.0542015,5.616331417,95.27772475,3.259179037,50.06924267,49.93075733,10.33436641,10.60969787,8.662835168,8.909343598,7.529562526,7.400579264,2.795668286,224620,3.071342604,49.27042859,50.28298685,44.01699829,65.58699799,54.93299866,38.42694825,4821507,60.41120474
"Mauritania",3.67e+09,-3072044.396,-925285714.285714,-1.042081704,-3.829016935,-12.55229474,-3.871241276,-0.068435125,0.558322916,2.185423229,5.610303479,74.54171877,2.856701122,49.81493249,50.18506751,10.40858097,10.65421028,9.118228843,9.348540292,8.078559563,7.885014499,3.114205108,62594,3.583649891,55.49924331,55.51834793,24.30999947,46.79899979,35.73099899,30.49874641,1025852,43.49411068
"MicronesiaFedSts",279966700,6e+05,3532500,1.177192743,1.681326889,,35.4050182,1.31875091,-1.491525424,,6.547677421,63.37157988,-0.497031315,48.99005444,51.00994556,12.26905935,12.8071201,10.30176899,11.42684743,8.660645259,8.395342901,3.853405156,2245,4.40775136,58.98025758,58.72813304,,,,,,
"Moldova",5.44e+09,258190000,-388090000,-6.000000259,-5.881261331,-38.80000067,-19.86999941,-21.91780822,-2.086604119,-12.09502036,13.90372526,22.91804249,-0.126238295,51.95031197,48.04968803,8.094538099,9.072760835,9.547940133,10.67056952,9.246936056,8.310478292,10.16191248,226490,12.22724333,74.21256592,72.04770516,19.82699966,24.09600067,21.99799919,48.49181669,1273751,84.86948524
"Mongolia",4.58e+09,6.24e+08,-52800000,-1.268598941,-2.754515797,32.612302989234,-0.412193257,-9.032234225,1.290864621,13.6884456112766,5.529831336,39.02541957,1.516449585,50.36079314,49.63920686,10.56147216,10.90337081,11.46616499,11.80611498,9.708671161,9.189140114,3.825410216,58158,4.327969572,69.21866613,69.13722651,29.64100075,37.75799942,33.73199844,45.99779807,1151716,82.89258096
"Morocco",9.29e+10,1.97e+09,-5.49e+09,4.243757321,2.964299665,-2.668660107,-6.576718812,-2.992356481,3.672412525,-9.181371915,9.344572996,44.26879824,1.236254388,50.71858966,49.28141034,9.724941136,10.26950347,9.430854633,9.471276555,8.531223402,9.024286128,6.083176823,1081614,6.666416844,64.57022762,65.61228607,19.31399918,53.96099854,36.64899826,26.49424927,11354732,33.94376568
"Mozambique",1.09e+10,9.3e+08,-8.51e+08,6.351970294,3.28988356,7.289920094,5.302075331,0.000806,7.883665023,15.49402047,6.110550294,89.61075742,2.921462927,51.48890115,48.51109885,10.18036241,10.72585521,8.574686186,8.866110283,7.432451379,7.446426272,3.122066966,427395,3.528608982,49.98980878,52.13255473,75.34600067,65.51499939,70.46900177,54.35781373,10548248,106.1971624
"Myanmar",3.69e+10,1.08e+09,-23800000,10.5500091,9.837575216,,18.33160163,18.57545097,11.90042697,,7.516814096,46.52245244,0.646530397,51.192566,48.807434,8.983179617,9.366828167,8.72589412,9.027773921,8.782501424,8.530155843,4.879803874,1388034,5.44449891,64.60445968,65.21800389,59.36999893,72.17900085,65.74299622,41.24935908,23565571,65.2632459
"Nepal",1.29e+10,38300000,1.6e+08,4.53307872,3.496219024,8.586057503,-0.590000566,-1.04437982,6.295407641,3.872437358,8.291287411,65.23580639,0.996848322,51.0706233,48.9293767,10.8766378,10.45901272,9.214519396,8.31720963,6.890296246,8.017259325,4.778093858,670419,4.909031359,56.10905198,59.08347526,74.64399719,76.91600037,75.71700287,49.97131355,13865431,90.84783856
"Nicaragua",8.3e+09,433900000,-259900000,-3.292665159,-4.522715723,-31.58557364,-8.712233717,-5.479909695,-1.397454806,0.042364086,7.52387296,53.84320977,1.280089288,50.72244583,49.27755417,10.57594556,11.35085308,10.10823768,10.6206448,9.241843978,9.161410186,4.662582252,146660,5.102583996,61.11592585,62.80095887,31.78000069,66.94400024,49.63899994,37.6563064,2415768,56.45249105
"Niger",5.4e+09,6.31e+08,-7.49e+08,-0.712671174,-4.38801774,31.73209199,5.914936884,4.424211988,11.54229159,19.45149671,5.166368879,104.6594485,3.771980829,50.04775225,49.95224775,9.943547983,9.599101502,8.109587089,6.969878495,5.771054178,6.872908983,2.462217922,214160,2.705916438,46.87828427,48.43748361,58.58200073,83.25900269,70.37999725,43.67885725,6274269,74.30638288
"Nigeria",1.69e+11,8.55e+09,-1.25e+10,6.934416004,4.12618684,34.74563776,3.543938985,7.936702982,12.03685497,-30.70184232,5.168190618,82.62152368,2.661221335,49.43874141,50.56125859,10.20788321,10.28328687,8.927950711,8.986446825,7.809222215,7.744088799,2.752115917,2239080,2.933247976,53.04715261,53.45958801,26.33300018,31.56399918,28.98699951,44.30944514,47480739,80.25913931
"Pakistan",1.68e+11,2.338e+09,-2.768e+09,2.831658519,0.735637493,-4.316425754,-5.206872816,-4.17597754,1.33149303,-3.361178732,7.443334749,61.84728914,2.05936331,48.56691775,51.43308225,11.09104681,11.02176158,10.05873525,9.960967543,8.156647806,8.258953476,4.396779088,3518816,4.337211563,58.7172728,59.44359923,20.73600006,68.23999786,45.07400131,20.73227417,56949189,27.43284975
"PapuaNewGuinea",1.16e+10,4.19e+08,-5.43e+08,6.805554144,4.341820616,21.3184132037143,15.12222325,-1.917545542,2.559510053,2.09275621614286,5.845803505,66.3069211,2.333768395,49.14752748,50.85247252,9.909286705,10.12597426,8.930986553,9.084434964,8.337607389,8.217908715,3.395707805,133637,3.913815634,58.02874317,58.1492309,59.34899902,56.99200058,58.13899994,48.61145799,3071027,96.08155877
"Philippines",1.68e+11,2.06e+09,5.52e+09,1.148332219,-0.462890953,-8.679544913,-1.916852448,-4.802573342,3.398497788,-7.832048506,6.500489706,56.37740168,1.605754541,49.55076822,50.44923178,10.31824691,10.50199652,9.024129252,9.156896682,8.066837579,8.00678324,3.991020298,2116863,4.632475197,61.37662501,61.41507664,33.63999939,52.73799896,43.35300064,38.81094679,37641192,63.2971962
"Rwanda",5.38e+09,118670000,-344623376.623377,6.248262564,3.38077389,2.48638703,1.321824505,2.92553432,6.227106227,-2.51213881,4.794818082,75.19704954,2.735944971,51.0543533,48.9456467,10.38020039,10.44358541,10.81041925,11.15931856,8.500705638,9.256134619,2.663908179,152146,2.986816241,55.12013456,55.97790228,78.98799896,78.91600037,78.95300293,51.26207969,5037796,98.23925911
"SaoTomeandPrincipe",1.88e+08,15500000,-48500000,2.426281344,0.087685937,,9.483817552,13.08464777,5.816808625,,7.286011353,84.71421345,2.309667228,50.24939992,49.75060008,10.55562675,10.82620412,9.673661032,9.894209158,7.550100613,7.378453006,3.794793136,3529,4.111568081,51.806917,52.35637474,23.22400093,53.50500107,38.47000122,35.33579903,54616,52.96910945
"Senegal",1.28e+10,3.3e+08,-5.43e+08,2.423175917,-0.408230355,-16.29579914,3.5305773,5.434349057,1.156924486,6.196937641,5.843128296,80.81913911,2.803348722,51.04107192,48.95892808,10.75958783,11.30445283,9.484978346,9.770128878,8.076531814,8.149005662,3.130321075,218812,3.415671798,52.49386025,54.60803959,28.91300011,53.19300079,41.04399872,38.77720291,3867739,57.92941879
"SierraLeone",2.45e+09,1.1e+08,-1.84e+08,3.188051215,0.818781112,11.52999749,-4.91381689,-6.805693603,8.351613334,9.035959861,4.544713968,82.72519614,2.322840471,50.63048215,49.36951785,10.62371084,10.63087817,9.156095164,9.232764321,7.924271508,7.86087871,2.426825519,79120,2.476439086,53.13657578,53.65471954,41.35900116,31.59000015,36.52600098,50.35781491,2182553,97.82441701
"SolomonIslands",5.98e+08,48600000,-3.9e+07,-4.727872457,-6.869690326,,-41.54040143,-17.92454096,1.409421481,,5.832662633,73.20229241,2.273760548,49.15797449,50.84202551,10.22456276,10.44652113,8.984481243,8.5843649,7.727605342,8.43302732,3.257834556,8091,3.18928784,55.07043112,56.66573378,57.88600159,66.48999786,62.24000168,43.59290302,221559,77.97979313
"Somalia",6526363636.36364,1.08e+08,,-1.484075684,-2.801599439,,-0.817203256,0,-7.614373352,,5.326777286,96.61164697,2.935688532,50.0496413,49.9503587,10.42346261,10.39177112,8.367986056,8.251671245,6.560599571,6.709450769,2.637822547,163029,2.782155528,49.36216963,49.67764308,12.47299957,51.44900131,31.86499977,19.0047987,2814305,23.14804937
"SouthSudan",14772340425.5319,-2.63e+08,-501378461.538462,-16.0937448311111,-18.8434461677778,,,,,,6.25832922,82.27089723,4.305463107,50.03195744,49.96804256,10.73164672,10.88667446,8.971467592,9.023110781,7.298385203,7.302227087,3.319553863,172924,3.573970719,52.78391192,53.30005944,65.69300079,62.51399994,64.09600067,48.55716621,4001743,92.57200486
"SriLanka",4.21e+10,4.04e+08,364060000,3.538912053,2.872273886,2.957759571,4.212006398,3.300369127,3.28224149,-12.30572406,10.63983481,37.84893324,0.645934456,51.21749659,48.78250341,7.929414605,8.310805636,8.004089105,8.07044326,8.244759336,8.280719322,7.165413887,807682,7.855333377,67.14598908,67.53498386,28.29100037,50.60699844,39.33200073,33.95184936,8341363,47.79003132
"Sudan",5.32e+10,1.73e+09,-4.85e+09,3.241847572,0.614039243,-0.132159803,7.301232723,8.492817635,6.215999769,-4.013440306,6.054818392,80.52265683,2.087340595,50.08295093,49.91704907,10.42656413,10.68475796,8.679384868,8.690103436,7.402546645,7.626666284,3.245203305,586208,3.478314117,53.14253788,54.0502997,17,44,30.5720005,24.38476723,9108260,31.37351779
"Swaziland",3.58e+09,65700000,-4.73e+08,1.565048852,-0.308357152,5.013660859,-3.194145375,-4.152306885,2.964574275,1.741550495,5.343066821,70.09077226,1.861761813,51.51201515,48.48798485,12.39908581,13.29849114,11.15687532,11.84972209,8.72318275,8.625593976,3.045630677,21433,3.524063204,56.0694934,57.87845903,32.95199966,47.70100021,40.34500122,40.10983401,372198,60.17129592
"SyrianArabRepublic",1.63e+10,2.57e+09,-1.57e+09,4.84196379385714,2.07414677871429,4.97873879228572,7.24180866828571,,5.988201938,8.284031172,5.780534146,62.18329582,2.427559897,49.44857084,50.55142916,10.51621789,10.82368111,10.44405551,10.53707331,9.345046269,9.486299198,3.44153509,372430,3.616664801,59.23811454,59.84211481,9.147999763,50.16799927,30.07799911,15.12156852,5636492,17.94011209
"Tajikistan",4.98e+09,15819400,-8510700,3.800000992,1.534611457,-1.053188971,-7.111746833,-6.440584241,6.269024882,7.109644525,5.83967996,59.81108306,2.206624036,49.59443647,50.40556353,11.51974084,11.6602194,10.86309351,10.80825643,8.293570548,8.265834237,3.525296143,132275,3.569116745,59.77569833,60.96966109,36.15599823,52.55699921,44.43899918,39.91547507,2815264,66.17881248
"Tanzania",2.86e+10,952630000,-1.62e+09,5.382346168,2.098472241,-9.806127731,3.302415124,4.688164239,5.388682534,3.518438709,5.914690847,87.61367252,3.171009777,50.66182494,49.33817506,10.68769522,10.57991702,9.113594467,8.896588231,7.571560204,7.71074832,3.056239791,729315,3.223105225,51.11451153,52.21512223,67.33599854,66.67700195,67.01399994,50.5491388,20317814,96.96456961
"TimorLeste",3.2e+09,4.8e+07,1.31e+09,-6.058326525,-7.255027523,75.57052001,-9.888509451,,-0.224664822,2.576687117,5.82013155,90.85961083,1.282059981,49.23495061,50.76504939,10.5003943,10.50805877,8.363898106,8.320871628,6.790471981,6.798212984,2.959192177,17494,3.253753329,50.88218051,50.80534766,12.08399963,20.98399925,16.59799957,31.44986498,251451,46.86348275
"Togo",3.16e+09,46100000,-3.6e+07,3.510296675,0.752255442,38.11938288,79.54408346,-10.95921506,-3.209543936,20.80243445,4.986075761,77.79672199,2.700650544,50.23709926,49.76290074,10.39985913,10.54898918,9.405973439,9.535538085,8.197888025,8.119846112,2.727869265,93310,2.934050678,54.64379381,54.77499375,66.24900055,64.51599884,65.3809967,49.69485572,2881260,96.92997627
"Tunisia",4.35e+10,1.53e+09,-1e+09,3.043448955,1.922135996,11.70305942,-0.080506104,-0.974046368,3.684706992,9.21437561,10.8342107,34.16333635,1.094158462,50.3731478,49.6268522,8.95260161,9.512556936,9.915550038,10.14988349,9.147347125,9.376700414,7.471995852,417993,7.886392538,68.65404385,69.27470388,19.23399925,39.7120018,29.6079998,26.78749523,3723954,35.36610087
"Uganda",1.82e+10,8.42e+08,-1.26e+09,6.801517348,3.190619217,2.458463913,5.746860454,10.03706726,-8.812786715,-8.564912902,4.715013443,102.4057036,3.439418395,50.36936219,49.63063781,10.99579839,11.21988316,8.935072135,9.07445984,7.385639336,7.291883999,2.276456702,421343,2.552511674,47.84566793,48.70999545,52.3730011,58.30400085,55.34400177,47.41496324,11722812,86.38479178
"Ukraine",1.17e+11,4.769e+09,-7.94e+08,-14.80000002,-14.42092881,-57.39999999,-19.47065527,-20.89999992,-14.92435711,-22.00000003,22.50904374,20.11858397,-0.443932417,53.81520735,46.18479265,5.738952684,7.029247284,7.230105987,8.830737578,8.788185581,7.326341486,15.78168503,4817682,19.43892846,72.79382792,67.8098477,36.47800064,47.19900131,41.9679985,48.19208334,21727965,77.14918117
"Uzbekistan",3.37e+10,8.42e+08,,8.099999996,6.291286901,24.8,32.98386177,4.540000046,-1.877083536,-5.11556177,7.011280499,45.12859434,1.687340969,50.27812881,49.72187119,11.18981139,11.84739968,10.56266203,10.84406681,8.943727498,8.877428147,4.608442188,730929,5.235534042,65.47525591,65.97994286,35.68099976,55.28699875,45.63700104,42.07587521,12475933,70.0545366
"Vanuatu",6.1e+08,32100000,3268564.228,3.312815802,0.875316475,-0.450430752,27.61144378,14.17624521,3.180065641,14.41523512,6.584917689,66.50166873,2.387616845,49.18951241,50.81048759,10.05170758,9.528926184,10.10191767,9.574123346,8.374266612,8.249429631,3.804406699,4280,3.770161113,56.77531041,58.81010896,50.6230011,62.13700104,56.31900024,43.52034828,99689,77.08688318
"Vietnam",1.06e+11,7.6e+09,-1.563e+10,5.397897543,4.365642085,4.312368603,5.975804353,2.762156132,6.54711797,-5.085057934,9.47251956,34.88685988,0.984216602,50.65182875,49.34817125,9.994458158,10.71251,9.658507066,10.17522315,9.194044968,8.869353656,6.561762455,3598119,8.11237134,69.7300169,68.8249152,59.08599854,63.42399979,61.29299927,48.46105017,50869267,88.94264757
"WestBankandGaza",7268200000,300468000,-4.36e+08,8.662535255,15.69506126,16.60363697,17.58733789,7.982295482,6.170699577,6.695396258,4.937064105,79.15273975,2.89186775,49.28439525,50.71560475,11.92920165,12.06313511,9.366437224,9.434846765,7.60673218,7.587558512,2.681870366,53204,2.915874416,54.25673313,54.3878581,9.43900013,43.07500076,26.57699966,18.7950467,875619,23.57098952
"YemenRep",2.51e+10,129200000,-9.4e+08,3.866229516,1.069911413,-8.740230741,2.063662812,2,6.67801299,-22.24412434,4.956120063,79.2864374,2.729134695,49.47228135,50.52771865,12.44474088,12.62715777,10.25372281,10.33469785,8.101589936,8.059818992,2.689997432,328562,2.89068761,54.07065506,54.48627922,10.6960001,49.37400055,30.35099983,13.46387197,5229818,15.66553552
"Zambia",1.53e+10,694800000,1.14e+09,9.220348406,6.185551827,,12.24744618,3.643151801,9.02574208,61.32767401,5.092174508,92.79051981,2.817933393,50.44968877,49.55031123,10.87661431,11.10669846,9.267430492,9.425533284,7.943627312,7.834435971,2.573329884,196792,2.898808185,50.15580342,50.90740951,60.36299896,64.64600372,62.50500107,47.4263444,5515365,86.28230404
"Zimbabwe",8621573600,1.05e+08,-1.27e+09,12.0195605,9.974501357,496.3598742,9.660700603,7.539997762,67.01217918,-3.82414849,5.578245622,74.89020454,1.842497031,51.29414753,48.70585247,11.61627255,12.15847187,10.89068253,11.03253382,9.277448875,9.462017937,3.090981065,243236,3.433583266,54.52369551,56.25445015,68.3789978,79.60700226,73.93199921,48.98803642,6671584,87.4684508
